{"cameraMode":{"drawMode":0,"name":"Shaded","section":"Shading Mode"},"sceneLighting":false,"audioPlay":false,"sceneViewState":{"showFog":true,"showMaterialUpdate":false,"showSkybox":true,"showFlares":true,"showImageEffects":true,"showParticleSystems":true},"in2DMode":false,"pivot":{"x":-30.764923095703126,"y":3.2578625679016115,"z":-74.31388854980469},"rotation":{"x":-0.09514979273080826,"y":0.9040547609329224,"z":-0.2740303575992584,"w":-0.3139091432094574},"size":3.791412591934204,"orthographic":false}