{"cameraMode":{"drawMode":0,"name":"Shaded","section":"Shading Mode"},"sceneLighting":false,"audioPlay":false,"sceneViewState":{"showFog":true,"showMaterialUpdate":false,"showSkybox":true,"showFlares":true,"showImageEffects":true,"showParticleSystems":true},"in2DMode":false,"pivot":{"x":34.95919418334961,"y":17.589645385742189,"z":14.210772514343262},"rotation":{"x":0.2084263414144516,"y":0.7653558850288391,"z":-0.30153903365135195,"w":0.5290207862854004},"size":33.98136520385742,"orthographic":false}