{"cameraMode":{"drawMode":0,"name":"Shaded","section":"Shading Mode"},"sceneLighting":false,"audioPlay":false,"sceneViewState":{"showFog":true,"showMaterialUpdate":false,"showSkybox":true,"showFlares":true,"showImageEffects":true,"showParticleSystems":true},"in2DMode":false,"pivot":{"x":21.479999542236329,"y":16.985214233398439,"z":24.319272994995118},"rotation":{"x":0.2084263414144516,"y":0.7653558850288391,"z":-0.30153903365135195,"w":0.5290207862854004},"size":13.68925666809082,"orthographic":false}