{"cameraMode":{"drawMode":0,"name":"Shaded","section":"Shading Mode"},"sceneLighting":false,"audioPlay":false,"sceneViewState":{"showFog":true,"showMaterialUpdate":false,"showSkybox":true,"showFlares":true,"showImageEffects":true,"showParticleSystems":true},"in2DMode":false,"pivot":{"x":0.26132774353027346,"y":0.0940244197845459,"z":-0.6895493268966675},"rotation":{"x":-0.08978849649429321,"y":0.9100036025047302,"z":-0.2758338451385498,"w":-0.296221524477005},"size":4.207350730895996,"orthographic":false}