{"cameraMode":{"drawMode":0,"name":"Shaded","section":"Shading Mode"},"sceneLighting":false,"audioPlay":false,"sceneViewState":{"showFog":true,"showMaterialUpdate":false,"showSkybox":true,"showFlares":true,"showImageEffects":true,"showParticleSystems":true},"in2DMode":false,"pivot":{"x":0.08811783790588379,"y":0.8831982612609863,"z":-6.197936534881592},"rotation":{"x":-0.007041617296636105,"y":0.9481139183044434,"z":-0.3171550929546356,"w":-0.021050244569778444},"size":5.686334609985352,"orthographic":false}