{"cameraMode":{"drawMode":0,"name":"Shaded","section":"Shading Mode"},"sceneLighting":false,"audioPlay":false,"sceneViewState":{"showFog":true,"showMaterialUpdate":false,"showSkybox":true,"showFlares":true,"showImageEffects":true,"showParticleSystems":true},"in2DMode":false,"pivot":{"x":34.6566276550293,"y":28.7153377532959,"z":24.90913200378418},"rotation":{"x":0.2084263414144516,"y":0.7653558850288391,"z":-0.30153903365135195,"w":0.5290207862854004},"size":21.47252082824707,"orthographic":false}