{"cameraMode":{"drawMode":0,"name":"Shaded","section":"Shading Mode"},"sceneLighting":false,"audioPlay":false,"sceneViewState":{"showFog":true,"showMaterialUpdate":false,"showSkybox":true,"showFlares":true,"showImageEffects":true,"showParticleSystems":true},"in2DMode":false,"pivot":{"x":0.08811783790588379,"y":0.8831982612609863,"z":-6.197936534881592},"rotation":{"x":-0.001874780748039484,"y":0.9950369596481323,"z":-0.09763671457767487,"w":-0.019105659797787668},"size":5.686334609985352,"orthographic":false}