{"cameraMode":{"drawMode":0,"name":"Shaded","section":"Shading Mode"},"sceneLighting":false,"audioPlay":false,"sceneViewState":{"showFog":true,"showMaterialUpdate":false,"showSkybox":true,"showFlares":true,"showImageEffects":true,"showParticleSystems":true},"in2DMode":false,"pivot":{"x":74.946533203125,"y":5.660664081573486,"z":9.404736518859864},"rotation":{"x":-0.007041617296636105,"y":0.9481139183044434,"z":-0.3171550929546356,"w":-0.021050244569778444},"size":4.695556163787842,"orthographic":false}