{"cameraMode":{"drawMode":0,"name":"Shaded","section":"Shading Mode"},"sceneLighting":false,"audioPlay":false,"sceneViewState":{"showFog":true,"showMaterialUpdate":false,"showSkybox":true,"showFlares":true,"showImageEffects":true,"showParticleSystems":true},"in2DMode":false,"pivot":{"x":12.12497329711914,"y":21.227813720703126,"z":-22.09778594970703},"rotation":{"x":-0.06975545734167099,"y":0.9212281107902527,"z":-0.1952073574066162,"w":-0.32919153571128847},"size":237.7006072998047,"orthographic":false}