{"cameraMode":{"drawMode":0,"name":"Shaded","section":"Shading Mode"},"sceneLighting":false,"audioPlay":false,"sceneViewState":{"showFog":true,"showMaterialUpdate":false,"showSkybox":true,"showFlares":true,"showImageEffects":true,"showParticleSystems":true},"in2DMode":false,"pivot":{"x":-0.0009604692459106445,"y":0.9743499755859375,"z":-0.0659477710723877},"rotation":{"x":-0.007041617296636105,"y":0.9481139183044434,"z":-0.3171550929546356,"w":-0.021050244569778444},"size":5.429641246795654,"orthographic":false}