{"cameraMode":{"drawMode":0,"name":"Shaded","section":"Shading Mode"},"sceneLighting":true,"audioPlay":false,"sceneViewState":{"showFog":true,"showMaterialUpdate":false,"showSkybox":true,"showFlares":true,"showImageEffects":true,"showParticleSystems":true},"in2DMode":false,"pivot":{"x":61.78044891357422,"y":-10.738736152648926,"z":-28.776660919189454},"rotation":{"x":0.0023763542994856836,"y":0.9925767779350281,"z":-0.11999699473381043,"w":0.019656985998153688},"size":48.37133026123047,"orthographic":false}