{"cameraMode":{"drawMode":0,"name":"Shaded","section":"Shading Mode"},"sceneLighting":false,"audioPlay":false,"sceneViewState":{"showFog":true,"showMaterialUpdate":false,"showSkybox":true,"showFlares":true,"showImageEffects":true,"showParticleSystems":true},"in2DMode":false,"pivot":{"x":74.946533203125,"y":5.660664081573486,"z":9.404736518859864},"rotation":{"x":-0.05716340243816376,"y":0.9254748821258545,"z":-0.3407754898071289,"w":-0.1552443951368332},"size":2.295555591583252,"orthographic":false}