{"cameraMode":{"drawMode":0,"name":"Shaded","section":"Shading Mode"},"sceneLighting":false,"audioPlay":false,"sceneViewState":{"showFog":true,"showMaterialUpdate":false,"showSkybox":true,"showFlares":true,"showImageEffects":true,"showParticleSystems":true},"in2DMode":false,"pivot":{"x":0.7544518709182739,"y":3.1927974224090578,"z":0.28712302446365359},"rotation":{"x":0.02239488624036312,"y":0.977468729019165,"z":0.13992993533611298,"w":-0.15643854439258576},"size":4.916652679443359,"orthographic":false}